climate_classification_koppen,trend_slope_mean_days_per_year,trend_intercept_mean,trend_slope_median_days_per_year,trend_intercept_median,first_year,last_year,year_count,total_records,total_station_observations
Af,0.0724392043442323,-107.27990942955516,0.07125486955495129,-105.15847138603424,1954,2025,63,150,150
Cfa,-0.18079415031470128,454.13381155128354,-0.11403184005923929,322.67234357645725,1953,2025,73,2632,2632
Dfa,-0.16775484388498293,447.5276721584641,-0.15489633469085762,422.2874398371022,1953,2025,73,566,566
Dfb,-0.15580679995063795,441.9642456497642,-0.1506386523509835,430.72986856720223,1953,2025,73,919,919
